Title,Experience,Salary,Skills
Software Engg - Java Developer,0-1 Yrs,Not disclosed,JAVA SPRING MVC SQL J2EE IT Skills Software Engineering 
"Fresher/dotnet/java Software Developer Walkin on 12 March, Saturday",NA,"2,25,000 - 3,50,000 PA.",C# software development java dotnet ASP.Net J2Ee sql server Ajax 
Java developer,0-2 Yrs,Not disclosed,software development life cycle Java Object - Oriented Analysis and Agile communication Scrum IT Skills Software Development 
Application Developer: Java Full Stack,3-7 Yrs,Not disclosed,IT Skills Java Cloud Oracle HTML JMS Hibernate Front end 
Senior Software Engineer (Java Developer),3-5 Yrs,Not disclosed,Object oriented design Automation Front end Chip design Aerospace Analytical Data structures Continuous improvement 
Software Developer - Java/C++/Python,0-5 Yrs,Not disclosed,programming language logical and analytical ability communication skills C ios time management database management android 
Senior Java Developer - Immediate joiners,4-7 Yrs,Not disclosed,IT Skills Java J2EE Testing Selenium Jenkins spring boot junit 
Sr. Java Full Stack Developer,4-9 Yrs,Not disclosed,AngularJS NodeJS Java Spring boot DevOps RESTFUL CSS Maven 
Java Enterprise Edition Application Developer,4-6 Yrs,Not disclosed,IT Skills Java J2EE Selenium Oracle Angularjs Jenkins Business process 
Java Enterprise Edition Application Developer,4-6 Yrs,Not disclosed,oral Architectural Patterns J2EE EJB C Java Hibernate communication 
Senior Java fullstack Developer,6-10 Yrs,Not disclosed,Maven Hibernate DTS Eclipse Consulting Javascript J2Ee HTML 
Java Developer - Senior Executive,5-10 Yrs,Not disclosed,css Hibernate JSP J2Ee Web Application Development Spring Boot ajax javascript 
Senior Java Software Developers,2-5 Yrs,"3,50,000 - 8,00,000 PA.",design patterns Spring MVC driven development JPA2 J2EE Wicket Core Java OO design 
Java Full Stack Developer/Lead-Permanent WFH,5-10 Yrs,"20,00,000 - 35,00,000 PA.",PL / SQL Perl Algorithms Object - Oriented Concepts testing Data Structures verbal written communication 
Urgent Requirement For Java /UI Developer/Full Stack Developer,0-3 Yrs,Not disclosed,Angular Core Java HTML Spring boot IT Skills Java CSS full stack 
Software Developer Trainee Fresher Walk in- (java/python/C++/C#/SQL),NA,"4,00,000 PA.",programming SDLC C# analytical Python JAVA software development life cycle IT Skills 
Software Developer Trainee Fresher Walk in- (java/python/C++/C#/SQL),NA,"4,00,000 PA.",Python analytical SDLC JAVA C++ software development life cycle C lif 
Java Developer / Senior Java Developer,3-8 Yrs,Not disclosed,Java J2EE Spring Boot Linux native Object - Oriented Analysis networking Multi - processor Application 
Java Developer/ Sr. Developer (Remote / Hybrid Work),5-10 Yrs,"10,00,000 - 18,00,000 PA.",query j2ee swing java jsp xml weblogic j2ee architecture 
Java Developer,3-8 Yrs,Not disclosed,Hibernate Spring-Boot Java 8 Spring framework spring - data SOAP web services REST web services 
